judul_proposal,deskripsi
Pembangunan Sistem Informasi Pengelolaan Air Tanah Kota Bandung,information management
Magang,social and professional issue
Sistem Cerdas Glosarium dan Rekognisi Batik,intelligent system
Kontes Robot Terbang Indonesia,intelligent system
Penerapan Metode Volume Hingga untuk Mitigasi Bencana Banjir Akibat Hujan Kawasan dan Bencana Banjir Akibat Keruntuhan Bendungan,software engineering
"Air Pollution Forecasting in Indonesia and Its co-Benefit Analysis for Health, Crop and Climate",software engineering
Pelaksanaan Pekerjaan Swakelola Pengumpulan Data Bawah Permukaan dan Evaluasi Sumberdaya dan Cadangan,information management
Pekerjaan Swakelola Program Implementasi EA-Pengajuan dan Persetujuan POD Terpadu Tahap 1,enterprise computing
Pengadaan Jasa Kajian dan Penelitian Strategi Implementasi dan Policy Roadmap di Era Konvergensi,enterprise computing
Penyelenggaraan Kegiatan Penyusunan Rencana Aksi Pembangunan dan Pengembangan Utilitas Pendukung Zona Industri Bantar Gebang,enterprise computing
Penyelenggaraan Kegiatan Penyusunan Rencana Pengembangan kawasan Pusat-Pusat Pelayanan Kota Melalui Konsep Smart City,enterprise computing
Jasa Konsultasi Pendamping Penyusunan RJPP 2017-2021 PT Pos Indonesia (Persero),enterprise computing
Perancangan dan Implementasi City Analytics di Atas Smart System Platform Untuk Meningkatkan Kecepatan dan Kualitas Respon Pemerintah Dalam Sebuah Kota Cerdas,algoritma dan pemrograman
Pemberian Bantuan Dana Tahun Pertama Riset Pembangunan Indonesia Terkait Pengembangan Produk Struktur Tahan Ledak Untuk Kendaraan Tempur,social and professional issue
Berjudul Akselerasi Peningkatan Inovasi dan Kreativitas ITB melalui Implementasi Innovation Entrepreneurship System Platform dalam kegiatan LPIK ITB,social and professional issue
Perangkat Base Station dan Smartphone 4G,algoritma dan pemrograman
Pengembangan dan Produksi Radar Nasional,sistem komputer
Penyusunan Masterplan (Rencana Induk) Science Techno Park (STP) Institut Teknologi Bandung (PRA RANCANGAN)/Pradesain ITB Innovation Park Kawasan Ganesha,enterprise computing
Penyusunan Tatakelola Kelembagaan dan Pengembangan Jejaring STP ITB,sistem komputer
Pengembangan Inovasi Teknologi Informasi dan Komunikasi,information management
Video Analytic for Smart Indonesia,intelligent system
Smart City,enterprise computing
BlackBerry Academic Program License Agreement - BBIC ITB,social and professional issue
Bantuan Penginternasional Terbitan Berkala Ilmiah (ITB Journal of Information and Communication Technologi) ISSN 1978-3086,information management
Bantuan Penginternasional Terbitan Berkala Ilmiah Batch IV Tahun ke III (ITB Journal of Engineering Science) ISSN: 1978-3051,social and professional issue
Proses Final Pendirian Universitas Trilogi,social and professional issue
Pembangunan dan Pelatihan Sistem Informasi Geografis Berbasis tempat Pemungutan Suara (TPS) dalam Menunjang Penyelenggaraan Pemilihan di Jawa Barat,information management
Pendirian Institut Tekonolgi Batam (ITEBA),social and professional issue
Penyusunan Dokumen Prioritas Proyek Infrastruktur Kota Bandung melalui Skema KPBU,information management
Studi Penilaian RKST dan BOQ Pekerjaan Pengadaan dan Pemasangan IBMS,information management
Pengembangan Situs Pengindeks Sitasi Jurnal-Jurnal Indonesia,software engineering
WCU PP - Pengembangan Media Pembelajaran Berbasis Komputer untuk Digital Learning - Lesson Study (DL-LS),software engineering
Pengembangan Model Mesin Vision,graphics and visualization
Pengembangan Sistem Internet Of Things (Iot) Untuk Pengelolaan Daya Dan Pemantauan Kondisi Lingkungan Tempat Tinggal,intelligent system
Assessment of impact of the emission reduction measures of short-lived climate forcers on air quality and climate in Southeast Asia,information management
Study of Climate Change and Air Quality Impact from Short-Lived Climate Forcers (SLCFs) reduction in Indonesia,information management
Kegiatan Asahi Glass Foundation,social and professional issue
Program Riset Unggulan 2012 Pusat Penelitian Teknologi Informasi dan Komunikasi (PPTIK-ITB),information management
Pembangunan Aplikasi Knowledge Management Online Monitoring System Diesel Engine Ukuran Besar,information management
Sistem Cerdas untuk Online Monitoring System pada Diesel Engine (Motor Bakar Torak Penyalaan Kompresi) Ukuran Besar,algoritma dan pemrograman
Sequential Pattern sebagai Fitur Pengelompokan Dokumen untuk Analisis Dokumen Pada Kasus BigData (Document Clustering based on Sequential Pattern for Document Analysis in Bigdata),information management
Biometrika - Application Framework Model untuk Evaluasi Metode-Metode Biometrik,algoritma dan pemrograman
Pemanfaatan Teknologi Digital Signage untuk mengembangkan Sistem Informasi dan Komunikasi Kepariwisataan Digital dalam Mendorong Industri dan Jasa Kreatif,enterprise computing
Hibah Jurnal yang Memenuhi Standar Mutu tatakelola,social and professional issue
Repository Informasi Objek Wisata dengan Teknologi Semantik Web dan Basisdata Multimedia untuk Pengelolaan dan Promosi Desa Wisata,information management
Bantuan Penginternasionalan Terbitan Berkala Ilmiah Batch III Tahun ke III,social and professional issue
Pelaksanaan Bantuan Penginternasionalan Terbitan Berkala Imiah Batch IV Tahun ke II (ITB Journal of Engineering Science),social and professional issue
Pelaksanaan Bantuan Penginternasionalan Terbitan Berkala Ilmiah Batch IV Tahun Ke II (Journal of Information an Communication Technology),information management
Studi Potensi Ekonomi Industri dan Sumberdaya Manusia dalam rangka Pendirian Institut Teknologi di SUmatera,social and professional issue
Penerapan dan Implementasi Teknologi Virtual Class untuk Daerah Rural,algoritma dan pemrograman
Pengembangan Sistem Remote Monitoring Siaran Radio FM,sistem komputer
Pengembangan Sistem Pasar Virtual untuk Pemberdayaan Ekonomi Rakyat,algoritma dan pemrograman
Penerapan dan Implementasi PSS Akses Informasi/Multimedia Berbasis Jaringan Broadband untuk Mendukung Gerakan Guru Melek Internet (GGMI) di Jawa Barat,information management
Solusi Smart (Card) Untuk Kebutuhan Konektivitas MP3EI . Studi Kasus : Data Rekam Medis Elektronik,sistem komputer
Pemanfaatan Teknologi Digital Signage untuk Mengembangkan Sistem Informasi dan Komunikasi Kepariwisataaan Digital dalam Mendorong Industri dan Jasa Kreatif,enterprise computing
Pengembangan Teknologi Pengelolaan Data Spasial untuk Model Korporasi pada Platform Google Maps,information management
Teknologi Pelacakan Dokumen Untuk Meningkatkan Efisiensi Birokrasi Dan Mendukung Percepatan Dan rluasan Ekonomi Indonesia,information management
Perancangan dan Implementasi Sistem Keamanan Data untuk Radar,sistem komputer
"Solusi Smart (Card) Untuk Kebutuhan Konektivitas MP3EI, Studi Kasus: Data Rekam Medis Elektronik",sistem komputer
Teknologi Pelacakan Dokumen Untuk Meningkatkan Efisiensi Birokrasi Dan Mendukung Percepatan Dan Perluasan Ekonomi Indonesia,information management
Pemberian Bantuan Dana Riset Pembangunan Indonesia Terkait Sistem Analisis Komunikasi Massa Online (Studi Kasus Kota Bandung),sistem komputer
Pemberian Bantuan Dana Riset Mobil Listrik Nasional,social and professional issue
Penugasan Penyusunan Sistem Aplikasi Indeks Sitasi Jurnal Nasional,social and professional issue
Kegiatan Konferensi Nasional Informatika 2011 (KNIF 2011),social and professional issue
Pendampingan Penguatan Tata Kelola TI Perum Perhutani 2012,enterprise computing
Pagelaran Mahasiswa Nasional Bidang Teknologi Informasi dan Komunikasi (geMasTIK) Tahun 2013,social and professional issue
Cooperative Relationship With Aim of Developing and Fostering Academic links Between their Two Institutions,social and professional issue
Utilizing ICT For Better City,information management
Job Fair ITB,social and professional issue
Seminar Internasional Conference on Advanced Informatics Concepts theory And Applications (ICAICTA),social and professional issue
Dana Legalisir,social and professional issue
Teknologi Konferensi Multimedia untuk Sekolah Pedesaan dengan Bandwith Internet Terbatas,sistem komputer
"Penerapan Smart Gateway untuk Mendukung Komunitas Guru Belajar (KGB) di Bandung, Cianjur, dan Subang - Jawa Barat",sistem komputer
Pemanfaatan Social Media Marketing untuk Sentra Industri Rajutan Binongjati,social and professional issue
Penerapan Sistem Kelas Virtual Multimedia Berbasis Teknologi WebRTC untuk Pembelajaran Digital di Sekolah Dasar Pedesaan di CIanjur - Jawa Barat,software engineering
Pengembangan Aplikasi Sarana Pelayanan Masyarakat (SAPA) Berbasis Mobile untuk Mendukung Integrasi Informasi Program Posyandu Jawa Barat,information management
Pemanfaatan Electronic Marketplace di Indonesia untuk Meningkatkan Jangkauan Pasar UKM di Kota Cimahi,enterprise computing
Pemanfaatan Media Sosial untuk Peningkatan Usaha bagi Start-Up Company,enterprise computing
Pemberdayaan Komunitas Guru di Cianjur untuk Mendukung Gerakan Guru Melek Internet (GGMI),social and professional issue
Pengembangan Sistem untuk Prediksi Kredibilitas Informasi dari jejaring Sosial Online,information management
Pengembangan Model Adopsi Cloud Computing untuk Perguruan Tinggi,sistem komputer
Genomic Data Mining Untuk Prediksi Resiko Penyakit Kompleks Dalam Rangka Menunjang Personalized Medicine,information management
Manajemen Informasi Unpredictable pada Basisdata Spatio Temporal - Kasus Tanggap Darurat Kebencanaan Indonesia,information management
Manajemen Informasi \Unpredictable\ pada Basisdata Spatio-Temporal Kasus Tanggap Darurat Kebencanaan di Indonesia,information management
Analisis Sentimen Real Time Pada Microblogging,intelligent system
"Rancangan Dasar Sistem Biometrik Berbasis Pengenalan Sidik Jari, Wajah, dan Suara",intelligent system
Pengembangan Perangkat dan Layanan Konferensi Video pada Private Area Networks,software engineering
Inovasi Platform Cloud untuk Pelayanan Publik di Indonesia,sistem komputer
Pendeteksi Plagiarisme Cerdas untuk Karya Ilmiah Multibahasa (Indonesia dan Inggris),intelligent system
Pembangkitan Otomatis Liputan Berit Waktu Nyata dengan Peringkasan Timeline (Generating Live Report Automatically Using Timeline Summarization)),information management
Peringkasan Terpandu Otomatis untuk Aggregator Berita Bahasa Indonesia,information management
Pengembangan Sistem Peringkasan Opini,software engineering
Pengembangan Sistem Peringkasan Opini (Lanjutan Tahun Kedua),software engineering
Pengembangan Mesin Penerjemah Teks Bahasa Sunda ke dalam bahasan Indonesia Menggunakan Metode Berbasis Hybrid,algoritma dan pemrograman
Pembangkitan Peta Penelitian Otomatis dari Kumpulan Makalah Ilmiah - Penelitian Lanjutan 2014,intelligent system
Peringkasan Otomatis Informasi Pelengkap Berita Berbahasa Indonesia dari Media Sosial,information management
Pengembangan Sistem parkir Berbasis Mesin Vision,graphics and visualization
Pengembangan Simulasi Animasi Menggunakan Teknik Animasi Diferensial,graphics and visualization
Pengembangan Sistem Perangkat Lunak Pemilahan Frekuensi Napas untuk Diagnosa Penyakit Paru dan Saluran Pernapasan,software engineering
BotBerita: Pembangkit Artiket Berita Otomatis sebagai Pendukung Jurnalis (BotBerita: News Writing Bot for Supporting Journalist),intelligent system
Pengembangan Sistem Interktif untuk Peringkasan Multi Paper,software engineering
Pengembangan Beberapa Alogaritma Enkripsi Selektif Untuk Citra Digital Dengan Menggunakan Fungsi Chaos,dasar matematika
Conversational Recommender System berbasis Kebutuhan Fungsional Produk,software engineering
Kendali Terdistribusi dengan Algoritma Konsensus pada Sekelompok Robot Humanoid,algoritma dan pemrograman
Pembangkitan Peta Penelitian Otomatis dari kumpulan Makalah Ilmiah,intelligent system
Algoritma Resampling Baru dan Konsep Partikel Fleksibel pada Filter Partikel untuk Penentuan Lokasi pada Robot Wahana Gerak Mandiri,algoritma dan pemrograman
Pengembangan Metode Berbasis Valid Database untuk Pengangganan Data Hilang dalam Proses Ekstraksi Struktur Bayesian network dari Data,information management
Pengembangan Sistem Peringkasan Progresif Otomatis untuk Kumpulan Makalah Ilmiah,intelligent system
Digital Store Berbasis Contact Center Terintegrasi Untuk Penguatan UMKM di Indonesia,enterprise computing
Pengembangan Rekayasa kognitif dengan Studi Kasus Robot Kognitif Probabilistik,dasar matematika
Pengembangan Smart Gateway untuk Mendukung Layanan Komunitas guru belajar di Pedesaan,sistem komputer
Pemanfaatan Sequential Pattern pada Tahap Preprocessing Untuk Peningkatan Kinerja Proses Klasifikasi Data Dengan Struktur Kompleks & Progresif,information management
Integrasi Instrumentasi Medis dengan Sistem Manajemen DOTS Multimedia ntuk Mendukung Program Nasional Penanggulangan Tuberkolosis,information management
Pengembangan Rural Telepresence untuk Pembelajaran Jarak Jauh di Sekolah Pedesaan,software engineering
Pengembangan open Information Extraction (Open IE) untuk Pembangunan Basis,information management
Pengelolaan Data Spatio-Temporal (STATEM) untuk Kebencanaan di Indonesia,information management
Pengembangan Smart Gateway Untuk Mendukung Layanan Komunikasi Guru Belajar di Pedesaan,sistem komputer
Integrasi Instrumentasi Medis dengan Sistem Manajemen DOTS Multimedia untuk Mendukung Program Nasional Penanggulangan Tuberkulosis,information management
Model Deteksi Kemacetan Berdasarkan Tingkat Kepadatan dan Kecepatan Kendaraan,software engineering
"Pengembangan Perangkat Lunak Lunak Perisalah Rapat dengan Memanfaatkan Teknologi Pengenal Ucapan, Mesin Translasi, dan Peringkas Otomatis",intelligent system
Digital Store Berbasis ContactCenter Terintegrasi Untuk Penguatan UMKM di Indonesia,enterprise computing
Simulasi Risiko Penyebaran Api di Kawasan Pemukiman Padat Perkotaan Berbasis Model data Spatio-Temoral,information management
Pengembangan Aplikasi dan Konten Rencana Pelaksanaan Pembelajaran (RPP) pada Platform Android untuk Mendukung Pendidikan Nasional,software engineering
Sistem Pemahaman Konten Citra Digital dengan Metode Non Statistik,graphics and visualization
Pengembangan Model Indigenous Knowledge Management berbasis Teknologi Informasi,information management
Desain dan Implementasi Sistem Komunikasi Multimedia Real-Time di Jaringan Internet Pedesaan,sistem komputer
Pengembangan Aplikasi Ponsel Cerdas Berbasis Moodle untuk Pembelajaran Online di Perguruan Tinggi,software engineering
Pengembangan Chatbot Berbahasa,intelligent system
Indonesia Peringkasan Terpandu Otomatis,intelligent system
Sistem Pengenalan Ucapan untuk Bahasa Indonesia,intelligent system
Impelmentasi Lokalisasi dan Pemetaan Serentak Berbasis Partikel Filter Terdistribusi pada Mobile Robot Pioneer,sistem komputer
Pengembangan Chatbot Berbahasa Indonesia,intelligent system
Peringkasan Terpandu Otomatis,intelligent system
kemitraan Dalam Pembuatan Proses Bisnis Sistem Informasi Rumah Sakit RSAB Harapan Kita,enterprise computing
Blackberry Academic Program License Agreement,social and professional issue
Power system disturbance suppresion by reactive power compensation,hardware
Kajian Pembiayaan Direct Charges Teknologi Informasi dan Komunikasi (TIK) Kontraktor Kontrak Kerja Sama (KKKS),social and professional issue
Pengembangan kemampuan Perangkat Lunak Perisalah Rapat Secara Real Time Dalam Bahasa Indonesia Milik PT Industri Telekomunikasi Indonesia (Persero),enterprise computing
Kegiatan Swakelola Implementasi Sistem Operasi Terpadu (SOT)Pengelolaan Sumber Daya Migas Tahap 3,sistem komputer
Research on Indonesian Social Media on Purchasing Behaviour,software engineering
Research Agreement between MarkAni Incorporated (KOREA) and Institut Teknologi Bandung,social and professional issue
Analisis dan Peningkatan Tata Kelola Keamanan Informasi,information management
Penyusunan Dokumen Masterplan Smart City Kota Magelang,enterprise computing
Implementasi Secure And Forensic Ready Transaction Network Di ITB,sistem komputer
Kajian Akademik Pengadaan Jasa Sewa Layanan Informasi Dan Komunikasi (INFOKOM) PT POS Indonesia (Persero),sistem komputer
Grand Design Data Center (DC) Dan DIsaster Recovery Center (DRC) Kerjasama Dengan ITB,information management
Program Pembangunan Sistem Informasi / Data Base Jalan Dan Jembatan Kota Semarang,information management
Rancang Bangun Basis Data Pegawai Untuk SIM Kepegawaian Dan Rancangan Interoperabilitas Data Rekam Medis Untuk Sistem Informasi Layanan,information management
"Kegiatan Swakelola Pemutakhiran Laporan Dan Sistem Pelaporan Sumberdaya, Cadangan Dan Perkiraan Profil Produksi",information management
"Letter of Cooperation Agreement Between Gloczus, Inc and School of Electrical Engineering and Informatics ITB",social and professional issue
Belanja Jasa Konsultansi Pembangunan / Pengembangan Aplikasi SKPD Tahun 2015,enterprise computing
"Kegiatan Swakelola Enterprise Architecture (EA), Enterprise PSC Data Architecture And Integration Berbasis Sevice Oriented Architecture (SOA)",enterprise computing
Kajian Business Intelligent dan Data Solution Sub Bidang Analisa dan Evaluasi Operasi Sistem,enterprise computing
Pengembangan Bisnis Proses Pelayanan Secara Elektronik (PSE) Pada BPMD-PTSP Kota Payakumbuh,enterprise computing
Belanja Jasa Konsultasi Software Aplikasi Pengembangan Platform Smart City Untuk Integrasi Data Dan Layanan,information management
Jasa Penyusunan dan Review Master Plan Teknologi Informasi PT Pos Indonesia (Persero),enterprise computing
Kegiatan Swakelola Implementasi Sistem Operasi Terpadu (SOT) Pengelolaan Sumber Daya Migas Tahap 2,sistem komputer
Belanja Jasa Konsultansi Software Aplikasi Aplikasi Absensi Pegawai Online,software engineering
Pengadaan Jasa Konsultansi Teknologi Informasi pada Jasa Sewa Layanan Infokom,enterprise computing
Secure And Ready Forensic Communication Network,sistem komputer
Jasa Konsultasi Studi Kelayakan Ducting bersama dan Blud,enterprise computing
Belanja Jasa Konsultasi Perencanaan Aplikasi Smart Government Tahun 2016,enterprise computing
Belanja Jasa Konsultasi Studi Kelayakan Microcell Pole / MCP,enterprise computing
Pengadaan Jasa Konsultan untuk Melaksanakan Network Audit terhadap Penggunaan / Pemanfaatan Tiang Tumpu PLN oleh PT Link Net.Tbk / PT First Media,sistem komputer
Pengembangan Sistem Informasi Kesehatan Dinas Kesehatan Tahun 2016,enterprise computing
Belanja Jasa Konsultasi Pembuatan Sistem Aplikasi Pelaporan dan Penugasan,software engineering
GANESHA HEJO: Program Pengelolaan Sampah Terintegrasi di Kawasan Ganesha,social and professional issue
Pengembangan Collaborative Learning System Berbasis Komputasi Awan (Development of Collaborative Learning System on the Cloud),sistem komputer
Pengembangan Perangkat Digital Signage dengan   Konsumsi Daya Rendah dan Ukuran yang Kompak,enterprise computing
Optimalisasi Bandwidth Internet di Instansi Pemerintah Melalui Pengukuran Produktivitas Penggunaannya   (Studi Kasus di Kampus ITB-Bandung),sistem komputer
SOA Quality Assessment Framework,software engineering
Penerapan GOAL-ORIENTED REQUIREMENT ANALYSIS(GORA) untuk Meningkatkan Keberhasilan Pengembangan Sistem Informasi di Instansi Pemerintah,enterprise computing
Online Communication Analysis System for Water Governance; Case study: Bandung city,enterprise computing
Sistem Digital Signage sebagai Media Informasi Publik dan Solusi Peningkatan Brand Awareness bagi Industri,enterprise computing
Pengembangan Kotak Komputer Server Sederhana Sebagai Media Belajar Interaktif (EduBox),sistem komputer
Pengembangan Perangkat Telepresence Sebagai Sarana Pertemuan Jarak Jauh Dengan Konsep Visualisasi Spatial Bagi Dunia Industri,graphics and visualization
Adaptif System for Internet of Thing (IoT) in Healthcare,intelligent system
Teknologi Konferensi Multimedia untuk Sekolah Pedesaan dengan Bandwidth Internet Terbatas,sistem komputer
PHOTOMETER SYSTEM,intelligent system
QURAN RECITATION AUTOMATIC CHECKER,intelligent system
Sistem Produk-Layanan Kelas Virtual untuk Pembelajaran Jarak Jauh di Sekolah Dasar Pedesaan (Product-Service System on Virtual Class for Distance Learning in Rural Elementary School),sistem komputer
Peningkatan Literasi Komputer Guru Sekolah Dasar Pedesaan Dalam Pemanfaatan Layanan Pembelajaran Digital Pada Jaringan Testbed Bandung-Subang-Cianjur,social and professional issue
PEMBANGUNAN SISTEM KOMUNIKASI DAN KOLABORASI UKM UNTUK PROMOSI DAN PEMASARAN022-2508135,enterprise computing
Desain dan implementasi framework perangkat lunak aplikasi berbasis text untuk masyarakat daerah pedesaan Indonesia. (Design and implementation of the text-based applications software framework for Indonesia rural area communities),algoritma dan pemrograman
Identifikasi Sidik Jari Dengan Pendekatan Komputasi Banyak Core (Many Core Computing),graphics and visualization
Rancang Bangun Sistem Cerdas Tanya-Jawab berbasis SMS,software engineering
Optimasi Sistem Konferensi Multimedia Berbasis Web Untuk Pembelajaran Digital Sekolah Dasar Di Pedesaan (Optimation of Web-based Multimedia Conference System for Digital Learning in Rural Elementary School),sistem komputer
Pengembangan Prototipe Sistem e-Government Terpadu yang Handal Berbasis Komputing Cloud,sistem komputer
Data Mining Data Genomik untuk Prediksi Resiko Penyakit Kompleks,information management
Voice Command Bahasa Indonesia untuk Telepon Seluler,intelligent system
Testbed Disaster Manajemen Information System (DIMaS) kasus DIMaS SIAGA,information management
Peranancangan Digital Office System  (Layanan untuk Kantor Pemerintahan Kabupaten/Kota),enterprise computing
Desain dan Implementasi Mobile Learning Berbasis SOA dan Integrasi Service Cloud Computing untuk Mendukung Proses Belajar Mengajar di Sekolah,sistem komputer
Sistem Verifikasi Identitas Kependudukan Terpadu,software engineering
Desain Proxy Cloudlet pada Mobile Cloud Computing,sistem komputer
PEMBANGUNAN PLATFORM CLOUD YANG TEPAT GUNA BAGI KOMUNITAS BERGERAK,sistem komputer
Pengembangan Sistem TIK untuk Kelas Berbasis VIDEOLAN untuk Mendukung Layanan Pembelajaran Jarak Jauh di Pedesaan,software engineering
Pengembangan Komunitas Siswa Belajar Berbasis TIK (Studi Kasus Desa Punclut-Jawa Barat),software engineering
Cloud Health di Indonesia (CLoud Health Reminder System Tuberculosis),sistem komputer
: Alat Bantu Identifikasi Plagiasi Dokumen menggunakan Informasi Sintaks dan Latent Semantic,algoritma dan pemrograman
Kajian dan Implementasi Sistem Visual Interaktif untuk Analisa Geometrik dari Kromosom,graphics and visualization
Peningkatan Literasi TIK Komunitas Guru Sekolah Bandung-Subang-Cianjur untuk Mendukung e-Learning,social and professional issue
Pemodelan Kinerja Jaringan Nirkabel Berbasis   IEEE 802.11 yang Mendukung Kualitas   Layanan Video Streaming,sistem komputer
Pengembangan Embedded Virtual Class Box untuk Mendukung Pembelajaran Jarak Jauh untuk Sekolah di Daerah Rural,software engineering
Jaminan Kualitas Layanan Cross-Layer pada Multimedia  Streaming di Jaringan Wireless Internet (Cross-Layer Based QoS in Multimedia Streaming in Internet  Wireless Network),sistem komputer
Pembangkit Portofolio Siswa Otomatis,software engineering
Semantic Tecjnology untuk Mendukung Interoperabilitas Antar Model Informasi Electronic Health Record (EHR),information management
PEMBANGKITAN SOAL KUIS OTOMATIS PADA   EVALUASI PEMBELAJARAN DIGITAL,intelligent system
Pemodelan Struktur Metadata IRySS (Intelligent Repository Storage System) - Kasus Komponen Dasar Doman Independen IRySS,information management
Digital Course-Content Creator,software engineering
Sistem Pendeteksian Obyek dalam Video Untuk Layanan Video Berbasis Komputasi Awan,graphics and visualization
Pengelolaan Pengetahuan & Teknologi Pangan untuk meningkatkan kualitas nutrisi mayarakat Indonesia,software engineering
Pendeteksi Plagiarisme Karya Ilmiah Multibahasa (Indonesia dan Inggris),intelligent system
Digital Learning Platform,software engineering
Sistem Remote Monitoring Sensor Bencana Menggunakan Teknologi Komunikasi Akses GPRS dan Teknologi Server Cloud Computing,sistem komputer
Pengembangan Information Center sebagai Sarana penyediaan informasi bagi Badan Publik (UU 18 2008 KIP),enterprise computing
Sistem Monitoring Nasional Kinerja Pengelolaan Sampah Perkotaan di Indonesia,enterprise computing
Pengembangan Sistem Perangkat Lunak Interpretatif untuk Pengenalan Lokasi berbasis Obyek Terdeteksi dari Gambar,graphics and visualization
Sistem Manajemen Konten Pembelajaran Multimedia untuk Mendukung e-Learning,software engineering
Protokol Pengiriman Data Video untuk Jaringan Nirkawat 4G,sistem komputer
Pengembangan Visualisasi dan Editor Kode Program pada Perangkat Android,algoritma dan pemrograman
Karakterisasi Cloud Computing untuk Smart Power Grid Indonesia,sistem komputer
Model Intelligent Transportation System berbasis Cloud Computing untuk Green Infrastructure,sistem komputer
Perancangan Cloud-based Mobile Kiosk sebagai layanan informasi terpadu untuk masyarakat pedesaan,sistem komputer
Service Quality Assessment Framework,software engineering
Rancangan Dasar Sistem Pengelolaan Pengetahuan untuk Kepakaran ITB,enterprise computing
Integrasi Data Genom (Genomic Data) dalam Electronic Health Record (EHR),information management
Deviation Detection via Visualization,graphics and visualization
Pengembangan Sistem Manajemen Perpustakaan Dijital Universitas berbasis Dokumen Elektronik,enterprise computing
Simulasi Fluida 2 D Berbasiskan Partikel Menggunakan Smoothed Particle Hydrodynamics Untuk Aplikasi Mobile Interaktif,algoritma dan pemrograman
Analisis Teknologi Multicast Sebagai Aplikasi Alternatif Untuk Layanan Konferensi Video Pada Testbed Low Speed Network,sistem komputer
Pengembangan Sistem Monitoring Berbasis Web Untuk Mendukung Kelangsungan Layanan Digital Learning Pedesaan,software engineering
Integrasi Media Sosial Microblog dalam Massive Open Online Course (MOOC),software engineering
Pengembangan Model Enterprise Information Center sebagai implementasi Karakterisasi Informasi,enterprise computing
Teknik QoS pada Layanan Kelas Virtual dengan Teknologi Tele-Konferensi untuk Mendukung Digital Lesson Study,software engineering
Pengembangan Metode Kompresi Dictionary-Based Pseudo Parallel didalam Meningkatkan Daya Tampung SMS Massal Terpersonalisasi Menggunakan Bahasa Indonesia,dasar matematika
Pengembangan Customized Social Network Berbasis Web untuk Menunjang Lesson Study secara Online,software engineering
Pengembangan Platform Virtual Class Box untuk Layanan Pembelajaran Digital,software engineering
Pemanfaatan Teknologi Digital Signage untuk mendukung dan meningkatkan Sistem Informasi dan Komunikasi Kampus,enterprise computing
Peningkatan Literasi TIK pada Pembelajaran Online Kolaboratif bagi Komunitas Guru di Jawa Barat,software engineering
Sistem Komunikasi Visual Secara Immersive Untuk Distance Learning,graphics and visualization
Pembangunan Digital Learning Platform,software engineering
Pengembangan Jejaring Sosial untuk Pembelajaran Kolaboratif (Smart Learning System),software engineering
Sistem Penanda Hak Cipta pada Peta Vektor SIG (Sistem Informasi Geografis),dasar matematika
"Metode Akses Langsung untuk Optimasi Kecepatan Identifikasi Sidik Jari, Wajah, dan Suara pada Database Skala Besar",information management
Studi Penerapan dan Dampak Mobile Cyber Market pada Masyarakat Petani di Lingkungan DAS Citarum,social and professional issue
Uji Model Basisdata Spatio-Temporal untuk Kebencanaan di Indonesia,information management
Pengembangan Software Antarmuka Digital Content-Course Creator berbasis Freeware untuk Mendukung Digital Learning,software engineering
Pembangkit Portofolio Siswa,software engineering
Perancangan dan implementasi perangkat Audience Computer untuk mendukung program Digital Learning,software engineering
PENCETAKAN LULUSAN SMA/SMK MENJADI WIRAUSAHA TUTOR EKTRA KURIKULER,social and professional issue
KOMPARATOR GAMBAR  BERBASIS STATISTIK DAN BENTUK GEOMETRI,graphics and visualization
Pengembangan Konten Video Ajar Perkuliahan Berbasis Blended Learning dan Pengukuran Efektivitasnya untuk Perkuliahan Teknologi Informasi,software engineering
Simulasi Fluida Berbasis Partikel Untuk Aplikasi Mobile  Interaktif,algoritma dan pemrograman
Pengembangan Customized Social Network Berbasis Web untuk Menunjang Lesson Study secara Online (Development of Web-based Customized Social Network for Supporting Online Lesson Study),software engineering
Arsitektur QoS pada Aplikasi Multimedia Delivery untuk Mendukung Digital Lesson Study (QoS Architecture on Multimedia Delivery Application for Supporting Digital Lesson Study),software engineering
Analisis Teknologi Multicast Sebagai Aplikasi Alternatif Untuk Layanan Konferensi Video Pada Testbed Low Speed Network,sistem komputer
Assessment Framework Perkuliahan  berbasis Business Intelligence Tahap I: Sistem Penunjang Tesis,information management
Pengembangan Framework  Learning ManagementSystem dengan Autograder  untuk Ujian dan Praktikum Programming,software engineering
Deviation Detection via Visualization,graphics and visualization
PENJAMINAN INTEGRITAS DATA UNTUK KEAMANAN TRANSAKSI PETA DIGITAL MENGGUNAKAN DIGITAL WATERMARKING,information management
Pengembangan Kerangka Penilaian Empiris untuk Model Kualitas Pembelajaran Digital,software engineering
PEMBANGKITAN SOAL DAN PEMERIKSAAN JAWABAN  ESSAY SECARA OTOMATIS UNTUK EVALUASI   PEMBELAJARAN DIGITAL  (An Automatic Question Generator and Answer Judgment for Digital Learning Evaluation),intelligent system
Solusi lojik penanganan objek bergerak dalam model Basisdata Spatio Temporal Kebencanaan Indonesia,information management
Pengembangan Model Kualitas Informasi untuk Rumah  Sakit dengan menggunakan pendekatan Six-Sigma,enterprise computing
Peningkatan Daya Saing Pedagang Eceran Tradisional dengan Penerapan Aplikasi Point of Sale  berbasis Smartphone,software engineering
Pengembangan Aplikasi Sarana Pelayanan Masyarakat (SAPA) Berbasis Mobile Untuk Mendukung Integrasi Informasi Program Posyandu Jawa Barat,enterprise computing
GANESHA HEJO: Program Pengelolaan Sampah Terintegrasi di Kawasan Ganesha,social and professional issue
Aplikasi Smart Metering System untuk Implementasi Green IT,social and professional issue
Framework Implementasi Nilai Teknologi Informasi pada Industri Kecil Menengah di Indonesia untuk Peningkatan Keunggulan Bersaing,enterprise computing
Open-Enterprise Resource Planning untuk Peningkatan Keunggulan Industri Kecil dan Menengah,enterprise computing
Pemanfaatan TIK untuk Peningkatan Industri Kecil Menengah bidang Pariwisata melalui Intelligent Tourism Center System,enterprise computing
Pemanfaatan Open-Source ERP untuk meningkatkan Kemampuan UKM,enterprise computing
Pemanfaatan Jejaring Sosial Facebook dan Media Dropbox Untuk Pendidikan dan Pengajaran di Sekolah,software engineering
Aplikasi Cerdas Manajemen Keuangan Untuk UKM Berbasis Cloud,enterprise computing
Penerapan Virtual Classbox untuk Mendukung Online Lesson Study di Cianjur - Jawa Barat,software engineering
Pengembangan Repositori Dokumen Untuk Pendukung Pelaksanaan E-Government,information management
Pengembangan Massive Open Online Course (MOOC) untuk Peningkatan Kualitas Pendidikan Indonesia,software engineering
PENGEMBANGAN ALGORITMA FRAGILE WATERMARKING UNTUK OTENTIKASI CITRA DIGITAL,graphics and visualization
CETAK BIRU KATALOG SISTEM LAYANAN DAN ENTERPRISE SERVICE BUS UNTUK PERUSAHAAN KECIL MENENGAH SEKTOR JASA KEUANGAN,enterprise computing
Fluid Shader untuk Rendering Simulasi Fluida pada Mobile GPU,graphics and visualization
"E-rINA, Framework Inovatif pada Akses Jaringan Informasi untuk Layanan Kelas Virtual Real-Time di Daerah Rural (E-rINA, An Innovative Framework of Information Network Access for Real-Time Virtual Class Service in Rural Area)",sistem komputer
Pengembangan Recommender System berbasis pada Kebutuhan Fungsional Pengguna,software engineering
Sistem Pengenalan Buah Otomatis (Automatic Fruit Recognition System),graphics and visualization
Pengembangan Framework  untuk Aplikasi Mobile Pencegah Perdagangan Anak,software engineering
Pembangkitan Pertanyaan untuk Sistem Tanya Jawab Medis dalam bahasa Indonesia,intelligent system
Sistem Informasi Adaptif untuk Perguruan Tinggi Berbasis Top-down Design dan Bottom-up Implementation,information management
SINTESIS EKSPRESI WAJAH UNTUK  TALKING AVATAR PADA SISTEM CHATBOT,intelligent system
Pengembangan Platform Portaudio DSP untuk Aplikasi Komunikasi Suara Aman Bebas Sadap,software engineering
Pembangunan Unified Knowledge Representation  pada Knowledge-based System,intelligent system
Sistem Enterprise Resource Planning ODoo untuk Peningkatan Keunggulan Industri Kecil & Menengah,enterprise computing
Pembuatan Prototype Service-Based Enterprise Resource Planning (Service-Based ERP) untuk Industri Kecil dan Menengah,enterprise computing
Pengembangan Sistem Data Terbuka Guna Mendukung Peningkatan Keunggulan dan Keberlanjutan UMKM,information management
Penerapan Teknologi Process Mining untuk Memperbaiki Kinerja dan Efisiensi Bisnis Proses (Studi Kasus: Sistem Pengelolaan Sumber Daya),information management
Penerapan Teacher Portal untuk Peningkatan Literasi Internet bagi Komunitas Guru Sekolah Dasar di Cianjur Jawa Barat,software engineering
Sistem Benchmarking untuk Mengukur Kinerja  Implementasi E-Government,software engineering
Platform Penjaminan Kualitas Layanan Voice over IP Terenkripsi dengan Metode Alokasi Ketersediaan Bandwidth pada Jaringan Berkapasitas Terbatas,sistem komputer
Pemanfaatan Social Media Marketing untuk UKM Boneka di Kota Bandung,enterprise computing
Implementasi Sistem Informasi dan Manajemen Pembelajaran untuk Guru (SIMAP) dan Pemberdayaan Guru di Cianjur - Jawa Barat,enterprise computing
PENGEMBANGAN TRUCK-SHARING SYSTEM PADA START UP SMART MOBILITY,software engineering
Pengembangan Sistem Self-Adaptive untuk Penyediaan Layanan Perguruan Tinggi Secara Berkelanjutan,software engineering
Pengembangan Sistem Tanya Jawab Berbasis Bahasa Alami untuk Aplikasi Kesehatan di Puskesmas,intelligent system
Pembangunan Sistem Informasi Akuntansi Cerdas menggunakan Natural Language  dan Struktur Dinamis,intelligent system
Otomatisasi Pengenalan Buah dan Sayur di Supermarket berbasis Depth Sensor,intelligent system
Pengembangan Aplikasi Ponsel Cerdas Berbasis Moodle untuk Pembelajaran Online  di Perguruan Tinggi,software engineering
Penggabungan Sumber Informasi Terstruktur dan Tidak Terstruktur dalam Chatbot Bahasa Indonesia,intelligent system
Development of Question Answering System for Treatment of Baby Blues Syndrome in Public Health Center,software engineering
Multi-view Object Recognition based on Shape Association,graphics and visualization
Development of Intelligence Accounting Information based on Natural Language and Dynamic Structure,intelligent system
Geospatial Analytical Search Engine: Performing Extraction and Retrieval of Thematic Maps from Web Sources,dasar matematika
Penerapan Learning Management System (LMS) berbasis Mobile dengan Teknologi Multimedia untuk Pembelajaran di Sekolah Pedesaan,software engineering
Normalisasi Lembar Teks Dokumen Dengan Teknik Remapping Image untuk Scanner dengan Camera Android,graphics and visualization
DECISION SUPPORT SYSTEM TO DETERMINE THE TRACK OPTIONS FOR INSTALLATION OF GAS DISTRIBUTION PIPE BETWEEN SUPPLIER AND DISTRIBUTION POINT,information management
Pembangunan Chatbot Bahasa Indonesia untuk Alat Bantu Pembelajaran Bahasa Inggris,intelligent system
Sistem Interpretasi Visual (Studi Kasus: Pengenalan Objek Buah-Buahan),graphics and visualization
Sistem Internet of Things dengan Algoritma Peningkatan Efisiensi Daya Sensor,intelligent system
Deteksi Kalimat Ofensif dalam Ucapan dan Teks Berbahasa Indonesia Menggunakan Pembelajaran Mesin,intelligent system
Visualisasi Data dan Program untuk Pendukung Kualitas Perangkat Lunak pada Metodologi Situational Method Software Engineering,information management
Metode Akses Langsung Berbasis Konten Pada Basis Data Non-Alfanumerik,information management
Distributed Digital Learning,sistem komputer
Pengembangan Prototip Mesin Inferensi Pengetahuan Spasial : studi kasus pengenalan tulisan tangan secara sintaktis,intelligent system
Pembangunan Prototipe Sistem TIK Untuk Mencari Informasi dan Memasarkan Produk Lokal Unggulan.,software engineering
SISTEM MONITORING DENGAN EMBEDDED LINUX,hardware
Peningkatan Kualitas Pendidikan Dasar di Jawa Barat melalui Pemanfaatan Teknologi Informasi dan Komunikasi,software engineering
Desa Cerdas Berbasis Rural-ICT,software engineering
Model dan Sistem Pembelajaran dalam Kelas Virtual dengan Bandwith Rendah,software engineering
Sistem Konferensi Multimedia Berbasis Web untuk Pembelajaran Digital Sekolah Dasar di Pedesaan,software engineering
Pembangkitan Ringkasan Secara Otomatis untuk Survey Paper,intelligent system
"Rancang Bangun Mini ATCS (Air Traffic Control System), Sarana Pemanduan Lalu-lintas Udara untuk Bandara Kelas Menengah",hardware
Penerapan dan Implementasi PSS Akses Informasi/Multimedia untuk Komunitas Masyarakat Belajar,software engineering
Peningkatan Kesejahteraan Petani dengan Penerapan Sistem Informasi Agribisnis,information management
Teknologi Digital Learning untuk Daerah Pedesaan,software engineering
Disaster Management Information System,information management
Jaringan Sensor Intelejen Untuk Pemantauan Gempa Bumi Berbasis Swarm Optimization,sistem komputer
Pembangunan Repository Bahasa-Bahasa Daerah Nusantara Dengan Menggunakan Teknologi WEB Semantik,information management
Pembangkitan Ringkasan Secara Otomatis untuk Survey Paper - Penelitian Lanjutan 2011,intelligent system
Pembuatan dan Pengembangan Purwa Rupa Sistem Web Identifikasi Sidik Jari Berbasis Pencarian Makna / Semantik (Searching by Content) Berbantukan Teknologi Open Source Untuk Mendukung Program Nasional Identitas Tunggal (e-KTP),graphics and visualization
Kajian dan Implementasi Sistem Pengenalan Tulisan Tangan berbasis relasi spasial,information management
Sistem Cerdas untuk Promosi Produk Kerajinan UMKM,intelligent system
Analisis Sentimen Real Time pada Microblogging,information management
Sistem Laboratorium Bahasa Multimedia yang Murah berbasis Thin Client Computing,software engineering
Pengembangan Sistem Manajemen Bandwidth Berbasis Web untuk Mendukung Layanan Digital Learning Pedesaan,sistem komputer
"Rancangan Dasar Sistem Biometrik Berbasis  Pengenalan Sidik Jari, Wajah, dan Suara",graphics and visualization
Genomic Data Mining Untuk  Prediksi Resiko Penyakit Kompleks Dalam Rangka Menunjang Personalized Medicine,information management
PENGEMBANGAN BEBERAPA ALGORITMA ENKRIPSI SELEKTIF UNTUK CITRA DIGITAL  DENGAN MENGGUNAKAN FUNGSI CHAOS,graphics and visualization
Pengembangan Sistem Interaktif untuk Peringkasan Multi Paper,software engineering
Algoritma Resampling Baru dan Konsep Partikel Fleksibel pada Filter Partikel untuk Penentuan Lokasi pada Robot Wahana Gerak Mandiri,algoritma dan pemrograman
Pembangkitan Peta Penelitian Otomatis dari Kumpulan Makalah Ilmiah,intelligent system
Pengembangan Sistem Perangkat Lunak Pemilahan Frekuensi Napas untuk Diagnosis Penyakit Paru dan Saluran Pernapasan,software engineering
Pengembangan Sistem Peringkasan Progresif Otomatis untuk Kumpulan Makalah Ilmiah,intelligent system
Pengembangan Metode Berbasis Valid Database Untuk Penanganan Data Hilang Dalam Proses  Ekstraksi Struktur Bayesian Network Dari Data,information management
"Penerapan Smart Gateway untuk  Mendukung Komunitas Guru Belajar (KGB) di Bandung, Cianjur, dan SubangJawa Barat",software engineering
Pemberdayaan Komunitas Guru di Cianjur untuk Mendukung Gerakan Guru Melek Internet (GGMI),software engineering
Pemanfaatan Media Sosial untuk Peningkatan Usaha bagi Start-Up Company,enterprise computing
Pembangkitan Peta Penelitian Otomatis  dari Kumpulan Makalah Ilmiah - Penelitian Lanjutan 2014,intelligent system
Pengembangan Sistem untuk Prediksi Kredibilitas Informasi dari Jejaring Sosial Online,intelligent system
Pengembangan Model Adopsi Cloud Computing untuk Perguruan Tinggi,sistem komputer
BIOMETRIKA - APPLICATION FRAMEWORK MODEL UNTUK EVALUASI METODE-METODE BIOMETRIK,graphics and visualization
Sequential Pattern sebagai Fitur Pengelompokan Dokumen(Document Clustering) untuk Analis Dokumen Pada Kasus BigData,information management
Manajemen Inormasi 'Unpredictable' pada Basisdata Spatio Temporal Kasus Tanggap Darurat Kebencanaan Indonesia,information management
Pendeteksi Plagiarisme Cerdas untuk Karya Ilmiah Multibahasa (Indonesia dan Inggris),intelligent system
Peringkasan Terpandu Otomatis untuk Aggregator Berita Bahasa Indonesia,intelligent system
Pengembangan Aplikasi Sarana Pelayanan Masyarakat (SAPA) Berbasis Mobile Untuk Mendukung Integrasi Informasi Program Posyandu Jawa Barat,software engineering
Sequential Pattern sebagai Fitur Pengelompokan Dokumen untuk Analisis Dokumen Pada Kasus BigData (Document Clustering based on Sequential Pattern for Document Analysis in Bigdata),information management
Biometrika - Application Framework Model untuk Evaluasi Metode-Metode Biometrik,graphics and visualization
Pembentukan Model Sistem Cerdas untuk Online Monitoring System Diesel Engine Ukuran Besar,intelligent system
Pengembangan Sistem Peringkasan Opini,intelligent system
Peringkasan Otomatis Informasi Pelengkap Berita Berbahasa Indonesia dari Media Sosial,intelligent system
Pemanfaatan Social Media Marketing untuk Sentra Industri Rajutan Binongjati,social and professional issue
PEMANFAATAN ELECTRONIC MARKETPLACE DI INDONESIA UNTUK MENINGKATKAN JANGKAUAN PASAR UKM  DIKOTA CIMAHI,enterprise computing
Pengembangan Sistem Peringkasan Opini (Lanjutan Tahun Kedua),intelligent system
Pembangkitan Otomatis Liputan Berita Waktu Nyata dengan Peringkasan Timeline (Generating Live Report Automatically Using Timeline Summarization),intelligent system
Penerapan Sistem Kelas Virtual Multimedia Berbasis Teknologi WebRTC untuk Pembelajaran Digital di Sekolah Dasar Pedesaan di Cianjur Jawa Barat,software engineering
PEMBANGUNAN APLIKASI KNOWLEDGE MANAGEMENT ONLINE MONITORING SYSTEM DIESEL ENGINE UKURAN BESAR,intelligent system
Pengembangan Sistem Parkir Berbasis Mesin Vision,graphics and visualization
Pengembangan Mesin Penerjemah Teks Bahasa Sunda ke dalam Bahasa Indonesia Menggunakan Metode Berbasis Hybrid,software engineering
Teknologi Konferensi Multimedia untuk Sekolah Pedesaan dengan Bandwidth Internet Terbatas,sistem komputer
Proposal P3MI KK Rekayasa Perangkat Lunak dan Pengetahuan,software engineering
Pengembangan Simulasi Animasi Menggunakan Teknik Animasi Diferensial,graphics and visualization
BotBerita: Pembangkit Artikel Berita Otomatis sebagai Pendukung Jurnalis (BotBerita: News Writing Bot for Supporting Journalist),intelligent system
Konsultan Penyusunan Rencana Strategis Teknologi Informasi (IT Strategic Plan) dan Rencana Kelangsungan Usaha (Business Continuity Plan),enterprise computing
Pengadaan Jasa Konsultan Bidang Data Center Tim Network Services Enhancement ,information management
"Jasa Konsultansi Untuk ICT Master Plan, Kebijakan ICT dan WO Aplikasi ",information management
Jasa Penyusunan Disaster Recovery Planning (DRP) PT. Pertamina Hulu Energi ,information management
"Pengadaan Jasa Assessment Perangkat Network, Link Komunikasi dan Colocation Data Center ",sistem komputer
Pengadaan Pengembangan Aplikasi Online Program Kemitraan (PKBL Online) ,enterprise computing
Pengembangan Cyber Weapon System,sistem komputer
Pembuatan Sistem dan Aplikasi e-Nelayan,software engineering
Pelatihan Teknik Deteksi Penyembunyian Data pada Multimedia Digital pada Lembaga Sandi Negara Tahun Anggaran 2015,information management
Jasa Konsultansi Solusi Integrasi Sistem Bea-Cukai Dengan Inaportnet PT. Pelabuhan Indonesia II (Persero) ,enterprise computing
Pendampingan Pengadaan dan Implementasi Basic Crane Simulator PT. Pelabuhan Indonesia II (Persero),software engineering
Pengadaan Konsultan Independen untuk Kajian dan Pendapatan atas Harga Pembelian 2 (dua) Host Computer ,enterprise computing
Tambahan Jasa Assesment Capacity Planning Hardware Core Banking Server 2015-2017,hardware
Konsultansi Desain Data Center dan Pendampingan Pengadaan Teknologi Informasi Lemhannas RI ,information management
"Studi Kelayakan (Feasibility Study) Pengembangan Marine Operating System (MOS), Pendampingan Pengadaan dan Pembangunan MOS di Pelabuhan Tanjung Priok ",sistem komputer
Jasa Assesment Capacity Planning Hardware Core Banking AS-400,hardware
Parking Management Prototyping,software engineering
Preliminary a Master Plan for Bandung ITS,enterprise computing
Software-Xmart Village Stage 2 (Pembuatan Aplikasi Perangkat Lunak Smart Village) ,software engineering
  Consultant to Conduct The Digital Birth Registration Feasibility Study and To Undertake Duties and Responsibilities   ,software engineering
Pengadaan Jasa Konsultan Uji Utilitas Perangkat ICT,software engineering
Pengadaan Jasa Konsultansi Pengembangan Tata Kelola Teknologi Informasi Perusahaan Umum (PERUM) Jaminan Kredit Indonesia,enterprise computing
Pengembangan Tata Kelola TI ,enterprise computing
Assessment Tata Kelola Tehnologi Informasi PT. Indonesia Power,enterprise computing
Kajian Stratejik Pengembangan Bisnis dan Layanan Maritime Broadband di Indonesia,information management
Jasa Konsultansi Audit Teknologi Informasi Lemhannas RI TA 2014,information management
Jasa Konsultansi Pengembangan IT Master Plan Lemhannas RI Tahun 2014-2019,enterprise computing
Jasa Konsultansi Standarisasi Autogate System Terminal Petikemas ,enterprise computing
"GAP Analysis dan Recommendation, Feasibility Study, Project Monitoring dan Quality Assurance Enhancement Simulator Crane PT. Pelabuhan Indonesia II (Persero)",software engineering
Pengadaan Jasa Assesment Hardware Core Banking Server 2015 - 2017,hardware
Workshop IT Audit dan IT Masterplan Lemhanas ,enterprise computing
  Pengadaan Perangkat Sistem Cyber Weapon Tahap II Lembaga Sandi Negara Tahun Anggaran 2014  ,sistem komputer
Software: Smart Village Project With ITB ,software engineering
"Facilitation support to the ICT Cloud  Research, Facilitation support to the Energy Management Research",sistem komputer
Pengadaan Riset Smart City 2014,software engineering
  Technology Evaluation Report of Community Cloud  ,sistem komputer
Pengadaan Program Pembangunan Enterprise Architecture (EA) Proses Bisnis Utama SKK Migas Tahap I Tahun 2014,enterprise computing
"Konsultan Pengawas Pekerjaan Data Center, Mesin Core System, Jaringan Komunikasi dan Pengembangan Aplikasi Inti ",information management
Penyusunan Master Plan Teknologi Informasi RSUP Dr. Hasan Sadikin Bandung ,enterprise computing
Jasa Konsultan Perencana dan Pengawas System Smart Card,enterprise computing
Penyusunan Kebijakan dan Standar Operating Prosedur (SOP) Teknologi Informasi (TI),information management
Jasa Konsultansi Pola Pengadaan Aplikasi Port Wide Solution Untuk Kebutuhan Operasional PT. Pelabuhan Indonesia II (Persero),enterprise computing
Jasa Pengadaan Konsultan Terkait Implementasi New Wave Business ,enterprise computing
Develop Dokumen IT Governance PT. Multi Terminal Indonesia,enterprise computing
Develop dokumen dan Design BCP dan DRP PT. Multi Terminal Indonesia,software engineering
Perancangan Teknis Perangkat Utama dan Perangkat Pendukung Data Center dan Disaster Recovery Center (Paket C.18),hardware
Jasa Konsultansi Evaluasi Sistem Teknologi Informasi Untuk Cabang Tanjung Perak PT. Pelabuhan Indonesia III (Persero) ,enterprise computing
Perbaikan dan Penyempurnaan Core Banking System PD BPR Bank Bantul ,enterprise computing
"Penyusunan, Pembuatan, Pengembangan dan Penyempurnaan Kebijakan Peraturan Direksi, Surat Edaran Direksi untuk Standard Operating Procedure (SOP) Operation Business Support Division (OBSD)",enterprise computing
Konsultan Master Plant IT,enterprise computing
Jasa Konsultasi Kajian Penyusunan Masterplan SCADA (Supervisory Control and Data Acquisition),information management
Konsultan Jasa IT Governance Refreshment dan Review,enterprise computing
Manajemen Proses Bisnis 10 s/d 13 September 2013,enterprise computing
Manajemen Proses Bisnis 26 s/d 28 November 2013 (Batch 2),enterprise computing
Pekerjaan Pembuatan dan Implementasi Enterprise Resource Planning (ERP)  PT. Perkebunan Nusantara X (Persero) ,enterprise computing
Jasa Konsultansi Studi Keandalan Kelistrikan Kota Jambi ,hardware
Jasa Konsultansi Studi Keandalan Kelistrikan Kota Bengkulu ,hardware
Jasa IT Security Vulnebrability Assesment (VA) Bank Jatim,sistem komputer
"Data Manage Service yang Meliputi Informasi Definisi, Approach dan Business Model dalam Manage Service ",information management
1 LO Assesment Sistem Perlindungan Petir ,hardware
"Analisa Layanan Bisnis BTS Hotel di Indonesia, meliputi (Financial, Teknologi, Trend dan Perda)",enterprise computing
Data Prospek dan Analisa Ku-Bank Bisnis Satelit di Indonesia ,information management
Pengadaan Jasa Konsultan TI / Pendampingan Untuk Pengembangan Sistem Informasi Terintegrasi / ERP Perkebunan ,information management
Pengadaan Jasa Migrasi Software Open Source (OSS) Tahap-2,enterprise computing
Market Behavior Research 2012 Bulanan April & Mei ,social and professional issue
Konsultan Market Behaviour Research (MBR) Tahun 2012,enterprise computing
Market Reserarch Untuk Data & Voice Service ,information management
Survey Demand Internet Broadband,sistem komputer
Improvement of Lightning Protection System at Company's Facilities - Balikpapan ,social and professional issue
Competitive Intelligence PGASCOM ,intelligent system
Penyusunan Business Impact Analysis (BIA) dan Business Continuity Plan (BCP) ,enterprise computing
Revisi Blue Print Untuk PT. Asabri (Persero) ,enterprise computing
Jasa Konsultan Penyusunan Business Contunity Plan (BCP) dan Disaster Recovery Plan (DRP) ,enterprise computing
Pengadaan Jasa Konsultasi Feasibility Study (FS) Lokasi Data Center 2,information management
Pengadaan Jasa Konsultansi Review SOP Teknologi Informasi ,information management
Pembelian Data Market Metro-E Semester I 2012,information management
Data Market Provider Broadband untuk Mobile Service dan Tingkat Kepuasan atas Layanan Data Internet ,information management
Kajian Improvement Aplikasi Information And Communication Technology (ICT) ,information management
Seleksi Tenaga Bidang Sistem Informasi ,information management
Inhouse Training Audit IT ,enterprise computing
Pelatihan Pranata Muda Pertama TI ,enterprise computing
Jasa Pelatihan COBIT (Control for Information and Related technology),information management
Jasa Pelatihan PKBL On-Line dan Modifikasi Minor Aplikasi PKBL On-Line (Pengadaan Jasa Transfer of Knowledge & Modifikasi Minor Aplikasi PKBL On-Line),software engineering
Lanjutan Kajian Data Center dan Disaster Recovery Center Teknologi Informasi di Bank Indonesia,information management
Mitigasi Permasalahan Power Quality Sistem Kelistrikan di Kaji ,hardware
Mitigasi Permasalahan Power Quality Sistem Kelistrikan di Semoga,hardware
Implementasi IT Governance,enterprise computing
Pengadaan Jasa Market Behavior Research Tahun 2011,enterprise computing
Penelitian dan Pengembangan Perangkat akuisisi data Odometer dan Pengiriman Melalui Jaringan Seluler,sistem komputer
Regulatory Impact Assessment,information management
Konsultan Evaluasi Kompetensi Bidang Telekomunikasi & Teknologi Informasi ,information management
CTG Lightning Protection Improvement CTG 101/102/103 Ecternal Lightning Protection ,hardware
"Supply, Implementation and Maintenance of GI DNS TOOLS (OSS) TTC Buaran & TBS",information management
Penyedian Material and Pengerjaan Perbaikan Proteksi Petir pada area PCV 406 dan PCV 505 (Supply Material and Perform Improvement of Lightning Prtection System at PCV 406 and PCV 505 Areas),social and professional issue
Investigation and improvement Design of lightning Protection of Total E&P Indonesie Balikpapan,social and professional issue
Jasa Pemeliharaan Arsitektur Sistem / Teknologi Sistem Informasi Di Lingkungan PT. Indonesia Power ,enterprise computing
Pengawasan Pengadaan dan Pemasangan Peralatan Tol Pada Jalan Tol Jakarta - Tangerang ,enterprise computing
Studi Kelayakan dan Design Engineering PLTMH Lembang Bakaru ,software engineering
Trouble Shoot Induksi Tegangan Pada Sistem Grounding dan Assessment Grounding System Sakernan Station ,sistem komputer
"Penyusunan Roadmap Bisnis, Organisasi dan Tata Kelola (Governance) Card Business and Electronic Banking Desk ",enterprise computing
Jasa Konsultan Audit IT dan Up Date Masterplan IT Perum Perhutani ,enterprise computing
Jasa Evaluasi dan Desain Sistem Proteksi Petir di Area Kaji Office & Camp ,social and professional issue
Jasa Evaluasi dan Desain Sistem Proteksi Petir di Area Kaji Station & Over Head Line ,social and professional issue
Jasa Evaluasi dan Desain Sistem Proteksi Petir di Area Semoga Station & Over Head Line ,social and professional issue
Jasa Evaluasi dan Desain Sistem Proteksi Petir di Area Kaji Satelit Station & Over Head Line ,social and professional issue
Arrester Proteksi Petir ,social and professional issue
Penyusunan Kebijakan Pengelolaan Keamanan Informasi ,information management
CTG Lightning Protection System Installation of Grounding & Installation of Arrester ,social and professional issue
Material Supply for Grounding System of CTG-TPPI Tuban Lightning Protection Improvement,social and professional issue
Analisa Kelayakan dan Perencanaan Lanjutan Serta Pengawasan Terhadap Stabilisasi Pengembangan Aplikasi Inti (INTANS),software engineering
Training EMC Based Lightning Protection System in Hazardous Area,social and professional issue
Pekerjaan Penyusunan Pembaruan Rencana Induk Pelabuhan Ciwandan ,enterprise computing